INSERT INTO bill_products (bill_id, product_id, date_added, quantity, price, discount) VALUES (1, 4, NOW(), 2, 16.00, 7);
INSERT INTO bill_products (bill_id, product_id, date_added, quantity, price, discount) VALUES (2, 7, NOW(), 3, 20.50, 14);
INSERT INTO bill_products (bill_id, product_id, date_added, quantity, price, discount) VALUES (3, 10, NOW(), 4, 25.00, 0);
INSERT INTO bill_products (bill_id, product_id, date_added, quantity, price, discount) VALUES (4, 13, NOW(), 5, 29.50, 7);
INSERT INTO bill_products (bill_id, product_id, date_added, quantity, price, discount) VALUES (5, 16, NOW(), 1, 34.00, 14);
INSERT INTO bill_products (bill_id, product_id, date_added, quantity, price, discount) VALUES (6, 19, NOW(), 2, 38.50, 0);
INSERT INTO bill_products (bill_id, product_id, date_added, quantity, price, discount) VALUES (7, 22, NOW(), 3, 43.00, 7);
INSERT INTO bill_products (bill_id, product_id, date_added, quantity, price, discount) VALUES (8, 25, NOW(), 4, 47.50, 14);
INSERT INTO bill_products (bill_id, product_id, date_added, quantity, price, discount) VALUES (9, 28, NOW(), 5, 52.00, 0);
INSERT INTO bill_products (bill_id, product_id, date_added, quantity, price, discount) VALUES (10, 31, NOW(), 1, 56.50, 7);
INSERT INTO bill_products (bill_id, product_id, date_added, quantity, price, discount) VALUES (11, 34, NOW(), 2, 61.00, 14);
INSERT INTO bill_products (bill_id, product_id, date_added, quantity, price, discount) VALUES (12, 37, NOW(), 3, 65.50, 0);
INSERT INTO bill_products (bill_id, product_id, date_added, quantity, price, discount) VALUES (13, 40, NOW(), 4, 70.00, 7);
INSERT INTO bill_products (bill_id, product_id, date_added, quantity, price, discount) VALUES (14, 43, NOW(), 5, 74.50, 14);
INSERT INTO bill_products (bill_id, product_id, date_added, quantity, price, discount) VALUES (15, 46, NOW(), 1, 79.00, 0);
INSERT INTO bill_products (bill_id, product_id, date_added, quantity, price, discount) VALUES (16, 49, NOW(), 2, 83.50, 7);
INSERT INTO bill_products (bill_id, product_id, date_added, quantity, price, discount) VALUES (17, 52, NOW(), 3, 88.00, 14);
INSERT INTO bill_products (bill_id, product_id, date_added, quantity, price, discount) VALUES (18, 55, NOW(), 4, 92.50, 0);
INSERT INTO bill_products (bill_id, product_id, date_added, quantity, price, discount) VALUES (19, 58, NOW(), 5, 97.00, 7);
INSERT INTO bill_products (bill_id, product_id, date_added, quantity, price, discount) VALUES (20, 61, NOW(), 1, 101.50, 14);
INSERT INTO bill_products (bill_id, product_id, date_added, quantity, price, discount) VALUES (21, 64, NOW(), 2, 106.00, 0);
INSERT INTO bill_products (bill_id, product_id, date_added, quantity, price, discount) VALUES (22, 67, NOW(), 3, 110.50, 7);
INSERT INTO bill_products (bill_id, product_id, date_added, quantity, price, discount) VALUES (23, 70, NOW(), 4, 115.00, 14);
INSERT INTO bill_products (bill_id, product_id, date_added, quantity, price, discount) VALUES (24, 73, NOW(), 5, 119.50, 0);
INSERT INTO bill_products (bill_id, product_id, date_added, quantity, price, discount) VALUES (25, 76, NOW(), 1, 124.00, 7);
INSERT INTO bill_products (bill_id, product_id, date_added, quantity, price, discount) VALUES (26, 79, NOW(), 2, 128.50, 14);
INSERT INTO bill_products (bill_id, product_id, date_added, quantity, price, discount) VALUES (27, 82, NOW(), 3, 133.00, 0);
INSERT INTO bill_products (bill_id, product_id, date_added, quantity, price, discount) VALUES (28, 85, NOW(), 4, 137.50, 7);
INSERT INTO bill_products (bill_id, product_id, date_added, quantity, price, discount) VALUES (29, 88, NOW(), 5, 142.00, 14);
INSERT INTO bill_products (bill_id, product_id, date_added, quantity, price, discount) VALUES (30, 91, NOW(), 1, 146.50, 0);
INSERT INTO bill_products (bill_id, product_id, date_added, quantity, price, discount) VALUES (31, 94, NOW(), 2, 151.00, 7);
INSERT INTO bill_products (bill_id, product_id, date_added, quantity, price, discount) VALUES (32, 97, NOW(), 3, 155.50, 14);
INSERT INTO bill_products (bill_id, product_id, date_added, quantity, price, discount) VALUES (33, 100, NOW(), 4, 160.00, 0);
INSERT INTO bill_products (bill_id, product_id, date_added, quantity, price, discount) VALUES (34, 3, NOW(), 5, 14.50, 7);
INSERT INTO bill_products (bill_id, product_id, date_added, quantity, price, discount) VALUES (35, 6, NOW(), 1, 19.00, 14);
INSERT INTO bill_products (bill_id, product_id, date_added, quantity, price, discount) VALUES (36, 9, NOW(), 2, 23.50, 0);
INSERT INTO bill_products (bill_id, product_id, date_added, quantity, price, discount) VALUES (37, 12, NOW(), 3, 28.00, 7);
INSERT INTO bill_products (bill_id, product_id, date_added, quantity, price, discount) VALUES (38, 15, NOW(), 4, 32.50, 14);
INSERT INTO bill_products (bill_id, product_id, date_added, quantity, price, discount) VALUES (39, 18, NOW(), 5, 37.00, 0);
INSERT INTO bill_products (bill_id, product_id, date_added, quantity, price, discount) VALUES (40, 21, NOW(), 1, 41.50, 7);
INSERT INTO bill_products (bill_id, product_id, date_added, quantity, price, discount) VALUES (41, 24, NOW(), 2, 46.00, 14);
INSERT INTO bill_products (bill_id, product_id, date_added, quantity, price, discount) VALUES (42, 27, NOW(), 3, 50.50, 0);
INSERT INTO bill_products (bill_id, product_id, date_added, quantity, price, discount) VALUES (43, 30, NOW(), 4, 55.00, 7);
INSERT INTO bill_products (bill_id, product_id, date_added, quantity, price, discount) VALUES (44, 33, NOW(), 5, 59.50, 14);
INSERT INTO bill_products (bill_id, product_id, date_added, quantity, price, discount) VALUES (45, 36, NOW(), 1, 64.00, 0);
INSERT INTO bill_products (bill_id, product_id, date_added, quantity, price, discount) VALUES (46, 39, NOW(), 2, 68.50, 7);
INSERT INTO bill_products (bill_id, product_id, date_added, quantity, price, discount) VALUES (47, 42, NOW(), 3, 73.00, 14);
INSERT INTO bill_products (bill_id, product_id, date_added, quantity, price, discount) VALUES (48, 45, NOW(), 4, 77.50, 0);
INSERT INTO bill_products (bill_id, product_id, date_added, quantity, price, discount) VALUES (49, 48, NOW(), 5, 82.00, 7);
INSERT INTO bill_products (bill_id, product_id, date_added, quantity, price, discount) VALUES (50, 51, NOW(), 1, 86.50, 14);
INSERT INTO bill_products (bill_id, product_id, date_added, quantity, price, discount) VALUES (51, 54, NOW(), 2, 91.00, 0);
INSERT INTO bill_products (bill_id, product_id, date_added, quantity, price, discount) VALUES (52, 57, NOW(), 3, 95.50, 7);
INSERT INTO bill_products (bill_id, product_id, date_added, quantity, price, discount) VALUES (53, 60, NOW(), 4, 100.00, 14);
INSERT INTO bill_products (bill_id, product_id, date_added, quantity, price, discount) VALUES (54, 63, NOW(), 5, 104.50, 0);
INSERT INTO bill_products (bill_id, product_id, date_added, quantity, price, discount) VALUES (55, 66, NOW(), 1, 109.00, 7);
INSERT INTO bill_products (bill_id, product_id, date_added, quantity, price, discount) VALUES (56, 69, NOW(), 2, 113.50, 14);
INSERT INTO bill_products (bill_id, product_id, date_added, quantity, price, discount) VALUES (57, 72, NOW(), 3, 118.00, 0);
INSERT INTO bill_products (bill_id, product_id, date_added, quantity, price, discount) VALUES (58, 75, NOW(), 4, 122.50, 7);
INSERT INTO bill_products (bill_id, product_id, date_added, quantity, price, discount) VALUES (59, 78, NOW(), 5, 127.00, 14);
INSERT INTO bill_products (bill_id, product_id, date_added, quantity, price, discount) VALUES (60, 81, NOW(), 1, 131.50, 0);
INSERT INTO bill_products (bill_id, product_id, date_added, quantity, price, discount) VALUES (61, 84, NOW(), 2, 136.00, 7);
INSERT INTO bill_products (bill_id, product_id, date_added, quantity, price, discount) VALUES (62, 87, NOW(), 3, 140.50, 14);
INSERT INTO bill_products (bill_id, product_id, date_added, quantity, price, discount) VALUES (63, 90, NOW(), 4, 145.00, 0);
INSERT INTO bill_products (bill_id, product_id, date_added, quantity, price, discount) VALUES (64, 93, NOW(), 5, 149.50, 7);
INSERT INTO bill_products (bill_id, product_id, date_added, quantity, price, discount) VALUES (65, 96, NOW(), 1, 154.00, 14);
INSERT INTO bill_products (bill_id, product_id, date_added, quantity, price, discount) VALUES (66, 99, NOW(), 2, 158.50, 0);
INSERT INTO bill_products (bill_id, product_id, date_added, quantity, price, discount) VALUES (67, 2, NOW(), 3, 13.00, 7);
INSERT INTO bill_products (bill_id, product_id, date_added, quantity, price, discount) VALUES (68, 5, NOW(), 4, 16.50, 14);
INSERT INTO bill_products (bill_id, product_id, date_added, quantity, price, discount) VALUES (69, 8, NOW(), 5, 21.00, 0);
INSERT INTO bill_products (bill_id, product_id, date_added, quantity, price, discount) VALUES (70, 11, NOW(), 1, 25.50, 7);
INSERT INTO bill_products (bill_id, product_id, date_added, quantity, price, discount) VALUES (71, 14, NOW(), 2, 30.00, 14);
INSERT INTO bill_products (bill_id, product_id, date_added, quantity, price, discount) VALUES (72, 17, NOW(), 3, 34.50, 0);
INSERT INTO bill_products (bill_id, product_id, date_added, quantity, price, discount) VALUES (73, 20, NOW(), 4, 39.00, 7);
INSERT INTO bill_products (bill_id, product_id, date_added, quantity, price, discount) VALUES (74, 23, NOW(), 5, 43.50, 14);
INSERT INTO bill_products (bill_id, product_id, date_added, quantity, price, discount) VALUES (75, 26, NOW(), 1, 48.00, 0);
INSERT INTO bill_products (bill_id, product_id, date_added, quantity, price, discount) VALUES (76, 29, NOW(), 2, 52.50, 7);
INSERT INTO bill_products (bill_id, product_id, date_added, quantity, price, discount) VALUES (77, 32, NOW(), 3, 57.00, 14);
INSERT INTO bill_products (bill_id, product_id, date_added, quantity, price, discount) VALUES (78, 35, NOW(), 4, 61.50, 0);
INSERT INTO bill_products (bill_id, product_id, date_added, quantity, price, discount) VALUES (79, 38, NOW(), 5, 66.00, 7);
INSERT INTO bill_products (bill_id, product_id, date_added, quantity, price, discount) VALUES (80, 41, NOW(), 1, 70.50, 14);
INSERT INTO bill_products (bill_id, product_id, date_added, quantity, price, discount) VALUES (81, 44, NOW(), 2, 75.00, 0);
INSERT INTO bill_products (bill_id, product_id, date_added, quantity, price, discount) VALUES (82, 47, NOW(), 3, 79.50, 7);
INSERT INTO bill_products (bill_id, product_id, date_added, quantity, price, discount) VALUES (83, 50, NOW(), 4, 84.00, 14);
INSERT INTO bill_products (bill_id, product_id, date_added, quantity, price, discount) VALUES (84, 53, NOW(), 5, 88.50, 0);
INSERT INTO bill_products (bill_id, product_id, date_added, quantity, price, discount) VALUES (85, 56, NOW(), 1, 93.00, 7);
INSERT INTO bill_products (bill_id, product_id, date_added, quantity, price, discount) VALUES (86, 59, NOW(), 2, 97.50, 14);
INSERT INTO bill_products (bill_id, product_id, date_added, quantity, price, discount) VALUES (87, 62, NOW(), 3, 102.00, 0);
INSERT INTO bill_products (bill_id, product_id, date_added, quantity, price, discount) VALUES (88, 65, NOW(), 4, 106.50, 7);
INSERT INTO bill_products (bill_id, product_id, date_added, quantity, price, discount) VALUES (89, 68, NOW(), 5, 111.00, 14);
INSERT INTO bill_products (bill_id, product_id, date_added, quantity, price, discount) VALUES (90, 71, NOW(), 1, 115.50, 0);
INSERT INTO bill_products (bill_id, product_id, date_added, quantity, price, discount) VALUES (91, 74, NOW(), 2, 120.00, 7);
INSERT INTO bill_products (bill_id, product_id, date_added, quantity, price, discount) VALUES (92, 77, NOW(), 3, 124.50, 14);
INSERT INTO bill_products (bill_id, product_id, date_added, quantity, price, discount) VALUES (93, 80, NOW(), 4, 129.00, 0);
INSERT INTO bill_products (bill_id, product_id, date_added, quantity, price, discount) VALUES (94, 83, NOW(), 5, 133.50, 7);
INSERT INTO bill_products (bill_id, product_id, date_added, quantity, price, discount) VALUES (95, 86, NOW(), 1, 138.00, 14);
INSERT INTO bill_products (bill_id, product_id, date_added, quantity, price, discount) VALUES (96, 89, NOW(), 2, 142.50, 0);
INSERT INTO bill_products (bill_id, product_id, date_added, quantity, price, discount) VALUES (97, 92, NOW(), 3, 147.00, 7);
INSERT INTO bill_products (bill_id, product_id, date_added, quantity, price, discount) VALUES (98, 95, NOW(), 4, 151.50, 14);
INSERT INTO bill_products (bill_id, product_id, date_added, quantity, price, discount) VALUES (99, 98, NOW(), 5, 156.00, 0);
INSERT INTO bill_products (bill_id, product_id, date_added, quantity, price, discount) VALUES (100, 1, NOW(), 1, 11.50, 7);





-- Fin de la insercion de datos en la tabla bill_products

-- --------------------------------------------------
-- Insercion de datos en la tabla bills
INSERT INTO bills (client_id, total, status) VALUES (1, 50.00, 'open');
INSERT INTO bills (client_id, total, status) VALUES (2, 55.00, 'open');
INSERT INTO bills (client_id, total, status) VALUES (3, 60.00, 'open');
INSERT INTO bills (client_id, total, status) VALUES (4, 65.00, 'open');
INSERT INTO bills (client_id, total, status) VALUES (5, 70.00, 'open');
INSERT INTO bills (client_id, total, status) VALUES (6, 75.00, 'open');
INSERT INTO bills (client_id, total, status) VALUES (7, 80.00, 'open');
INSERT INTO bills (client_id, total, status) VALUES (8, 85.00, 'open');
INSERT INTO bills (client_id, total, status) VALUES (9, 90.00, 'open');
INSERT INTO bills (client_id, total, status) VALUES (10, 95.00, 'open');

INSERT INTO bills (client_id, total, status) VALUES (11, 100.00, 'open');
INSERT INTO bills (client_id, total, status) VALUES (12, 105.00, 'open');
INSERT INTO bills (client_id, total, status) VALUES (13, 110.00, 'open');
INSERT INTO bills (client_id, total, status) VALUES (14, 115.00, 'open');
INSERT INTO bills (client_id, total, status) VALUES (15, 120.00, 'open');
INSERT INTO bills (client_id, total, status) VALUES (16, 125.00, 'open');
INSERT INTO bills (client_id, total, status) VALUES (17, 130.00, 'open');
INSERT INTO bills (client_id, total, status) VALUES (18, 135.00, 'open');
INSERT INTO bills (client_id, total, status) VALUES (19, 140.00, 'open');
INSERT INTO bills (client_id, total, status) VALUES (20, 145.00, 'open');

INSERT INTO bills (client_id, total, status) VALUES (21, 150.00, 'open');
INSERT INTO bills (client_id, total, status) VALUES (22, 155.00, 'open');
INSERT INTO bills (client_id, total, status) VALUES (23, 160.00, 'open');
INSERT INTO bills (client_id, total, status) VALUES (24, 165.00, 'open');
INSERT INTO bills (client_id, total, status) VALUES (25, 170.00, 'open');
INSERT INTO bills (client_id, total, status) VALUES (26, 175.00, 'open');
INSERT INTO bills (client_id, total, status) VALUES (27, 180.00, 'open');
INSERT INTO bills (client_id, total, status) VALUES (28, 185.00, 'open');
INSERT INTO bills (client_id, total, status) VALUES (29, 190.00, 'open');
INSERT INTO bills (client_id, total, status) VALUES (30, 195.00, 'open');

INSERT INTO bills (client_id, total, status) VALUES (31, 200.00, 'open');
INSERT INTO bills (client_id, total, status) VALUES (32, 205.00, 'open');
INSERT INTO bills (client_id, total, status) VALUES (33, 210.00, 'open');
INSERT INTO bills (client_id, total, status) VALUES (34, 215.00, 'open');
INSERT INTO bills (client_id, total, status) VALUES (35, 220.00, 'open');
INSERT INTO bills (client_id, total, status) VALUES (36, 225.00, 'open');
INSERT INTO bills (client_id, total, status) VALUES (37, 230.00, 'open');
INSERT INTO bills (client_id, total, status) VALUES (38, 235.00, 'open');
INSERT INTO bills (client_id, total, status) VALUES (39, 240.00, 'open');
INSERT INTO bills (client_id, total, status) VALUES (40, 245.00, 'open');

INSERT INTO bills (client_id, total, status) VALUES (41, 250.00, 'open');
INSERT INTO bills (client_id, total, status) VALUES (42, 255.00, 'open');
INSERT INTO bills (client_id, total, status) VALUES (43, 260.00, 'open');
INSERT INTO bills (client_id, total, status) VALUES (44, 265.00, 'open');
INSERT INTO bills (client_id, total, status) VALUES (45, 270.00, 'open');
INSERT INTO bills (client_id, total, status) VALUES (46, 275.00, 'open');
INSERT INTO bills (client_id, total, status) VALUES (47, 280.00, 'open');
INSERT INTO bills (client_id, total, status) VALUES (48, 285.00, 'open');
INSERT INTO bills (client_id, total, status) VALUES (49, 290.00, 'open');
INSERT INTO bills (client_id, total, status) VALUES (50, 295.00, 'open');

INSERT INTO bills (client_id, total, status) VALUES (51, 300.00, 'open');
INSERT INTO bills (client_id, total, status) VALUES (52, 305.00, 'open');
INSERT INTO bills (client_id, total, status) VALUES (53, 310.00, 'open');
INSERT INTO bills (client_id, total, status) VALUES (54, 315.00, 'open');
INSERT INTO bills (client_id, total, status) VALUES (55, 320.00, 'open');
INSERT INTO bills (client_id, total, status) VALUES (56, 325.00, 'open');
INSERT INTO bills (client_id, total, status) VALUES (57, 330.00, 'open');
INSERT INTO bills (client_id, total, status) VALUES (58, 335.00, 'open');
INSERT INTO bills (client_id, total, status) VALUES (59, 340.00, 'open');
INSERT INTO bills (client_id, total, status) VALUES (60, 345.00, 'open');

INSERT INTO bills (client_id, total, status) VALUES (61, 350.00, 'open');
INSERT INTO bills (client_id, total, status) VALUES (62, 355.00, 'open');
INSERT INTO bills (client_id, total, status) VALUES (63, 360.00, 'open');
INSERT INTO bills (client_id, total, status) VALUES (64, 365.00, 'open');
INSERT INTO bills (client_id, total, status) VALUES (65, 370.00, 'open');
INSERT INTO bills (client_id, total, status) VALUES (66, 375.00, 'open');
INSERT INTO bills (client_id, total, status) VALUES (67, 380.00, 'open');
INSERT INTO bills (client_id, total, status) VALUES (68, 385.00, 'open');
INSERT INTO bills (client_id, total, status) VALUES (69, 390.00, 'open');
INSERT INTO bills (client_id, total, status) VALUES (70, 395.00, 'open');

INSERT INTO bills (client_id, total, status) VALUES (71, 400.00, 'open');
INSERT INTO bills (client_id, total, status) VALUES (72, 405.00, 'open');
INSERT INTO bills (client_id, total, status) VALUES (73, 410.00, 'open');
INSERT INTO bills (client_id, total, status) VALUES (74, 415.00, 'open');
INSERT INTO bills (client_id, total, status) VALUES (75, 420.00, 'open');
INSERT INTO bills (client_id, total, status) VALUES (76, 425.00, 'open');
INSERT INTO bills (client_id, total, status) VALUES (77, 430.00, 'open');
INSERT INTO bills (client_id, total, status) VALUES (78, 435.00, 'open');
INSERT INTO bills (client_id, total, status) VALUES (79, 440.00, 'open');
INSERT INTO bills (client_id, total, status) VALUES (80, 445.00, 'open');

INSERT INTO bills (client_id, total, status) VALUES (81, 450.00, 'open');
INSERT INTO bills (client_id, total, status) VALUES (82, 455.00, 'open');
INSERT INTO bills (client_id, total, status) VALUES (83, 460.00, 'open');
INSERT INTO bills (client_id, total, status) VALUES (84, 465.00, 'open');
INSERT INTO bills (client_id, total, status) VALUES (85, 470.00, 'open');
INSERT INTO bills (client_id, total, status) VALUES (86, 475.00, 'open');
INSERT INTO bills (client_id, total, status) VALUES (87, 480.00, 'open');
INSERT INTO bills (client_id, total, status) VALUES (88, 485.00, 'open');
INSERT INTO bills (client_id, total, status) VALUES (89, 490.00, 'open');
INSERT INTO bills (client_id, total, status) VALUES (90, 495.00, 'open');

INSERT INTO bills (client_id, total, status) VALUES (91, 500.00, 'open');
INSERT INTO bills (client_id, total, status) VALUES (92, 505.00, 'open');
INSERT INTO bills (client_id, total, status) VALUES (93, 510.00, 'open');
INSERT INTO bills (client_id, total, status) VALUES (94, 515.00, 'open');
INSERT INTO bills (client_id, total, status) VALUES (95, 520.00, 'open');
INSERT INTO bills (client_id, total, status) VALUES (96, 525.00, 'open');
INSERT INTO bills (client_id, total, status) VALUES (97, 530.00, 'open');
INSERT INTO bills (client_id, total, status) VALUES (98, 535.00, 'open');
INSERT INTO bills (client_id, total, status) VALUES (99, 540.00, 'open');
INSERT INTO bills (client_id, total, status) VALUES (100, 545.00, 'open');
-- Fin de la insercion de datos en la tabla bills

-- --------------------------------------------------
-- Insercion de datos en la tabla clients
INSERT INTO clients (name, email, phone_number) VALUES ('Carlos Pérez', 'carlos.perez1@example.com', '+573015550001');
INSERT INTO clients (name, email, phone_number) VALUES ('María Gómez', 'maria.gomez2@example.com', '+573015550002');
INSERT INTO clients (name, email, phone_number) VALUES ('Juan Rodríguez', 'juan.rodriguez3@example.com', '+573015550003');
INSERT INTO clients (name, email, phone_number) VALUES ('Laura Hernández', 'laura.hernandez4@example.com', '+573015550004');
INSERT INTO clients (name, email, phone_number) VALUES ('Andrés Ramírez', 'andres.ramirez5@example.com', '+573015550005');
INSERT INTO clients (name, email, phone_number) VALUES ('Sofía Martínez', 'sofia.martinez6@example.com', '+573015550006');
INSERT INTO clients (name, email, phone_number) VALUES ('Pedro Castillo', 'pedro.castillo7@example.com', '+573015550007');
INSERT INTO clients (name, email, phone_number) VALUES ('Luisa Torres', 'luisa.torres8@example.com', '+573015550008');
INSERT INTO clients (name, email, phone_number) VALUES ('Felipe Duarte', 'felipe.duarte9@example.com', '+573015550009');
INSERT INTO clients (name, email, phone_number) VALUES ('Camila Ríos', 'camila.rios10@example.com', '+573015550010');
INSERT INTO clients (name, email, phone_number) VALUES ('Daniel Ortiz', 'daniel.ortiz11@example.com', '+573015550011');
INSERT INTO clients (name, email, phone_number) VALUES ('Valentina Arias', 'valentina.arias12@example.com', '+573015550012');
INSERT INTO clients (name, email, phone_number) VALUES ('Oscar Medina', 'oscar.medina13@example.com', '+573015550013');
INSERT INTO clients (name, email, phone_number) VALUES ('Paula Ruiz', 'paula.ruiz14@example.com', '+573015550014');
INSERT INTO clients (name, email, phone_number) VALUES ('David Correa', 'david.correa15@example.com', '+573015550015');
INSERT INTO clients (name, email, phone_number) VALUES ('Natalia Vargas', 'natalia.vargas16@example.com', '+573015550016');
INSERT INTO clients (name, email, phone_number) VALUES ('Jorge Sánchez', 'jorge.sanchez17@example.com', '+573015550017');
INSERT INTO clients (name, email, phone_number) VALUES ('Diana Moreno', 'diana.moreno18@example.com', '+573015550018');
INSERT INTO clients (name, email, phone_number) VALUES ('Héctor Pardo', 'hector.pardo19@example.com', '+573015550019');
INSERT INTO clients (name, email, phone_number) VALUES ('Melissa Cano', 'melissa.cano20@example.com', '+573015550020');
INSERT INTO clients (name, email, phone_number) VALUES ('Ricardo Navarro', 'ricardo.navarro21@example.com', '+573015550021');
INSERT INTO clients (name, email, phone_number) VALUES ('Juliana Peña', 'juliana.pena22@example.com', '+573015550022');
INSERT INTO clients (name, email, phone_number) VALUES ('Mateo Cifuentes', 'mateo.cifuentes23@example.com', '+573015550023');
INSERT INTO clients (name, email, phone_number) VALUES ('Isabella Pineda', 'isabella.pineda24@example.com', '+573015550024');
INSERT INTO clients (name, email, phone_number) VALUES ('Sebastián Vera', 'sebastian.vera25@example.com', '+573015550025');
INSERT INTO clients (name, email, phone_number) VALUES ('Adriana Hoyos', 'adriana.hoyos26@example.com', '+573015550026');
INSERT INTO clients (name, email, phone_number) VALUES ('Nicolás Suárez', 'nicolas.suarez27@example.com', '+573015550027');
INSERT INTO clients (name, email, phone_number) VALUES ('Karina Beltrán', 'karina.beltran28@example.com', '+573015550028');
INSERT INTO clients (name, email, phone_number) VALUES ('Samuel Rivas', 'samuel.rivas29@example.com', '+573015550029');
INSERT INTO clients (name, email, phone_number) VALUES ('Tatiana León', 'tatiana.leon30@example.com', '+573015550030');
INSERT INTO clients (name, email, phone_number) VALUES ('Tomás Galindo', 'tomas.galindo31@example.com', '+573015550031');
INSERT INTO clients (name, email, phone_number) VALUES ('Valeria Jiménez', 'valeria.jimenez32@example.com', '+573015550032');
INSERT INTO clients (name, email, phone_number) VALUES ('Cristian Melo', 'cristian.melo33@example.com', '+573015550033');
INSERT INTO clients (name, email, phone_number) VALUES ('Eliana Parra', 'eliana.parra34@example.com', '+573015550034');
INSERT INTO clients (name, email, phone_number) VALUES ('Kevin Silva', 'kevin.silva35@example.com', '+573015550035');
INSERT INTO clients (name, email, phone_number) VALUES ('Sara Belalcázar', 'sara.belalcazar36@example.com', '+573015550036');
INSERT INTO clients (name, email, phone_number) VALUES ('Julián Ospina', 'julian.ospina37@example.com', '+573015550037');
INSERT INTO clients (name, email, phone_number) VALUES ('Angie Rueda', 'angie.rueda38@example.com', '+573015550038');
INSERT INTO clients (name, email, phone_number) VALUES ('Mauricio Garzón', 'mauricio.garzon39@example.com', '+573015550039');
INSERT INTO clients (name, email, phone_number) VALUES ('Verónica Niño', 'veronica.nino40@example.com', '+573015550040');
INSERT INTO clients (name, email, phone_number) VALUES ('José Barrera', 'jose.barrera41@example.com', '+573015550041');
INSERT INTO clients (name, email, phone_number) VALUES ('Lucía Camacho', 'lucia.camacho42@example.com', '+573015550042');
INSERT INTO clients (name, email, phone_number) VALUES ('Esteban Hoyos', 'esteban.hoyos43@example.com', '+573015550043');
INSERT INTO clients (name, email, phone_number) VALUES ('Mariana López', 'mariana.lopez44@example.com', '+573015550044');
INSERT INTO clients (name, email, phone_number) VALUES ('Andrés Cárdenas', 'andres.cardenas45@example.com', '+573015550045');
INSERT INTO clients (name, email, phone_number) VALUES ('Fabiola Sierra', 'fabiola.sierra46@example.com', '+573015550046');
INSERT INTO clients (name, email, phone_number) VALUES ('Diego Nieto', 'diego.nieto47@example.com', '+573015550047');
INSERT INTO clients (name, email, phone_number) VALUES ('Daniela Ríos', 'daniela.rios48@example.com', '+573015550048');
INSERT INTO clients (name, email, phone_number) VALUES ('Henry Páez', 'henry.paez49@example.com', '+573015550049');
INSERT INTO clients (name, email, phone_number) VALUES ('Laura Caro', 'laura.caro50@example.com', '+573015550050');
INSERT INTO clients (name, email, phone_number) VALUES ('Rafael Quintero', 'rafael.quintero51@example.com', '+573015550051');
INSERT INTO clients (name, email, phone_number) VALUES ('Silvia Montoya', 'silvia.montoya52@example.com', '+573015550052');
INSERT INTO clients (name, email, phone_number) VALUES ('Manuel López', 'manuel.lopez53@example.com', '+573015550053');
INSERT INTO clients (name, email, phone_number) VALUES ('Patricia Ocampo', 'patricia.ocampo54@example.com', '+573015550054');
INSERT INTO clients (name, email, phone_number) VALUES ('Fernando Peña', 'fernando.pena55@example.com', '+573015550055');
INSERT INTO clients (name, email, phone_number) VALUES ('Viviana Ramírez', 'viviana.ramirez56@example.com', '+573015550056');
INSERT INTO clients (name, email, phone_number) VALUES ('Santiago Molina', 'santiago.molina57@example.com', '+573015550057');
INSERT INTO clients (name, email, phone_number) VALUES ('Jenny Rincón', 'jenny.rincon58@example.com', '+573015550058');
INSERT INTO clients (name, email, phone_number) VALUES ('Miguel Castaño', 'miguel.castano59@example.com', '+573015550059');
INSERT INTO clients (name, email, phone_number) VALUES ('Leidy Castro', 'leidy.castro60@example.com', '+573015550060');
INSERT INTO clients (name, email, phone_number) VALUES ('Juan Pablo Torres', 'juan.torres61@example.com', '+573015550061');
INSERT INTO clients (name, email, phone_number) VALUES ('Marcela Ordóñez', 'marcela.ordonez62@example.com', '+573015550062');
INSERT INTO clients (name, email, phone_number) VALUES ('Alexis Ríos', 'alexis.rios63@example.com', '+573015550063');
INSERT INTO clients (name, email, phone_number) VALUES ('Beatriz Cifuentes', 'beatriz.cifuentes64@example.com', '+573015550064');
INSERT INTO clients (name, email, phone_number) VALUES ('Camilo Vargas', 'camilo.vargas65@example.com', '+573015550065');
INSERT INTO clients (name, email, phone_number) VALUES ('Sandra Posada', 'sandra.posada66@example.com', '+573015550066');
INSERT INTO clients (name, email, phone_number) VALUES ('Jairo Hernández', 'jairo.hernandez67@example.com', '+573015550067');
INSERT INTO clients (name, email, phone_number) VALUES ('Elisa Fajardo', 'elisa.fajardo68@example.com', '+573015550068');
INSERT INTO clients (name, email, phone_number) VALUES ('Cristian Pérez', 'cristian.perez69@example.com', '+573015550069');
INSERT INTO clients (name, email, phone_number) VALUES ('Tatiana García', 'tatiana.garcia70@example.com', '+573015550070');
INSERT INTO clients (name, email, phone_number) VALUES ('Óscar Roldán', 'oscar.roldan71@example.com', '+573015550071');
INSERT INTO clients (name, email, phone_number) VALUES ('Gloria Arenas', 'gloria.arenas72@example.com', '+573015550072');
INSERT INTO clients (name, email, phone_number) VALUES ('Christian Silva', 'christian.silva73@example.com', '+573015550073');
INSERT INTO clients (name, email, phone_number) VALUES ('Laura Méndez', 'laura.mendez74@example.com', '+573015550074');
INSERT INTO clients (name, email, phone_number) VALUES ('Jerson Rivas', 'jerson.rivas75@example.com', '+573015550075');
INSERT INTO clients (name, email, phone_number) VALUES ('Valery Soto', 'valery.soto76@example.com', '+573015550076');
INSERT INTO clients (name, email, phone_number) VALUES ('Hernán Patiño', 'hernan.patino77@example.com', '+573015550077');
INSERT INTO clients (name, email, phone_number) VALUES ('Lina Cuéllar', 'lina.cuellar78@example.com', '+573015550078');
INSERT INTO clients (name, email, phone_number) VALUES ('Andrés Franco', 'andres.franco79@example.com', '+573015550079');
INSERT INTO clients (name, email, phone_number) VALUES ('Sofía Barragán', 'sofia.barragan80@example.com', '+573015550080');
INSERT INTO clients (name, email, phone_number) VALUES ('Cristóbal Vargas', 'cristobal.vargas81@example.com', '+573015550081');
INSERT INTO clients (name, email, phone_number) VALUES ('Natalia Buitrago', 'natalia.buitrago82@example.com', '+573015550082');
INSERT INTO clients (name, email, phone_number) VALUES ('Mateo Rosas', 'mateo.rosas83@example.com', '+573015550083');
INSERT INTO clients (name, email, phone_number) VALUES ('Juliana Céspedes', 'juliana.cespedes84@example.com', '+573015550084');
INSERT INTO clients (name, email, phone_number) VALUES ('Luis Carlos Torres', 'luisc.torres85@example.com', '+573015550085');
INSERT INTO clients (name, email, phone_number) VALUES ('Danna Calderón', 'danna.calderon86@example.com', '+573015550086');
INSERT INTO clients (name, email, phone_number) VALUES ('Federico Marín', 'federico.marin87@example.com', '+573015550087');
INSERT INTO clients (name, email, phone_number) VALUES ('Sara Quijano', 'sara.quijano88@example.com', '+573015550088');
INSERT INTO clients (name, email, phone_number) VALUES ('Jonathan Ramos', 'jonathan.ramos89@example.com', '+573015550089');
INSERT INTO clients (name, email, phone_number) VALUES ('Nathaly Herrera', 'nathaly.herrera90@example.com', '+573015550090');
INSERT INTO clients (name, email, phone_number) VALUES ('Robert Cárdenas', 'robert.cardenas91@example.com', '+573015550091');
INSERT INTO clients (name, email, phone_number) VALUES ('Karen López', 'karen.lopez92@example.com', '+573015550092');
INSERT INTO clients (name, email, phone_number) VALUES ('Álvaro Carvajal', 'alvaro.carvajal93@example.com', '+573015550093');
INSERT INTO clients (name, email, phone_number) VALUES ('Rocío Páez', 'rocio.paez94@example.com', '+573015550094');
INSERT INTO clients (name, email, phone_number) VALUES ('Carlos Ramiro', 'carlos.ramiro95@example.com', '+573015550095');
INSERT INTO clients (name, email, phone_number) VALUES ('María Alejandra Navas', 'mariale.navs96@example.com', '+573015550096');
INSERT INTO clients (name, email, phone_number) VALUES ('Iván Salazar', 'ivan.salazar97@example.com', '+573015550097');
INSERT INTO clients (name, email, phone_number) VALUES ('Luz Mireya Ortiz', 'luzm.ortiz98@example.com', '+573015550098');
INSERT INTO clients (name, email, phone_number) VALUES ('Simón Porras', 'simon.porras99@example.com', '+573015550099');
INSERT INTO clients (name, email, phone_number) VALUES ('Daira Castañeda', 'daira.castaneda100@example.com', '+573015550100');

-- Fin de la insercion de datos en la tabla clients
-- --------------------------------------------------
-- Insercion de datos en la tabla products
INSERT INTO products (sku, name, slug, description, price) VALUES ('SKU001', 'Product 1', 'product-1', 'Description 1', 10.00);
INSERT INTO products (sku, name, slug, description, price) VALUES ('SKU002', 'Product 2', 'product-2', 'Description 2', 20.00);
INSERT INTO products (sku, name, slug, description, price) VALUES ('SKU003', 'Product 3', 'product-3', 'Description 3', 30.00);
INSERT INTO products (sku, name, slug, description, price) VALUES ('SKU004', 'Product 4', 'product-4', 'Description 4', 40.00);
INSERT INTO products (sku, name, slug, description, price) VALUES ('SKU005', 'Product 5', 'product-5', 'Description 5', 50.00);
INSERT INTO products (sku, name, slug, description, price) VALUES ('SKU006', 'Product 6', 'product-6', 'Description 6', 60.00);
INSERT INTO products (sku, name, slug, description, price) VALUES ('SKU007', 'Product 7', 'product-7', 'Description 7', 70.00);
INSERT INTO products (sku, name, slug, description, price) VALUES ('SKU008', 'Product 8', 'product-8', 'Description 8', 80.00);
INSERT INTO products (sku, name, slug, description, price) VALUES ('SKU009', 'Product 9', 'product-9', 'Description 9', 90.00);
INSERT INTO products (sku, name, slug, description, price) VALUES ('SKU010', 'Product 10', 'product-10', 'Description 10', 100.00);

INSERT INTO products (sku, name, slug, description, price) VALUES ('SKU011', 'Product 11', 'product-11', 'Description 11', 12.50);
INSERT INTO products (sku, name, slug, description, price) VALUES ('SKU012', 'Product 12', 'product-12', 'Description 12', 13.75);
INSERT INTO products (sku, name, slug, description, price) VALUES ('SKU013', 'Product 13', 'product-13', 'Description 13', 15.00);
INSERT INTO products (sku, name, slug, description, price) VALUES ('SKU014', 'Product 14', 'product-14', 'Description 14', 16.50);
INSERT INTO products (sku, name, slug, description, price) VALUES ('SKU015', 'Product 15', 'product-15', 'Description 15', 18.25);
INSERT INTO products (sku, name, slug, description, price) VALUES ('SKU016', 'Product 16', 'product-16', 'Description 16', 19.99);
INSERT INTO products (sku, name, slug, description, price) VALUES ('SKU017', 'Product 17', 'product-17', 'Description 17', 21.49);
INSERT INTO products (sku, name, slug, description, price) VALUES ('SKU018', 'Product 18', 'product-18', 'Description 18', 22.89);
INSERT INTO products (sku, name, slug, description, price) VALUES ('SKU019', 'Product 19', 'product-19', 'Description 19', 25.00);
INSERT INTO products (sku, name, slug, description, price) VALUES ('SKU020', 'Product 20', 'product-20', 'Description 20', 26.75);

INSERT INTO products (sku, name, slug, description, price) VALUES ('SKU021', 'Product 21', 'product-21', 'Description 21', 28.00);
INSERT INTO products (sku, name, slug, description, price) VALUES ('SKU022', 'Product 22', 'product-22', 'Description 22', 29.50);
INSERT INTO products (sku, name, slug, description, price) VALUES ('SKU023', 'Product 23', 'product-23', 'Description 23', 31.99);
INSERT INTO products (sku, name, slug, description, price) VALUES ('SKU024', 'Product 24', 'product-24', 'Description 24', 33.49);
INSERT INTO products (sku, name, slug, description, price) VALUES ('SKU025', 'Product 25', 'product-25', 'Description 25', 35.00);
INSERT INTO products (sku, name, slug, description, price) VALUES ('SKU026', 'Product 26', 'product-26', 'Description 26', 36.75);
INSERT INTO products (sku, name, slug, description, price) VALUES ('SKU027', 'Product 27', 'product-27', 'Description 27', 38.10);
INSERT INTO products (sku, name, slug, description, price) VALUES ('SKU028', 'Product 28', 'product-28', 'Description 28', 39.99);
INSERT INTO products (sku, name, slug, description, price) VALUES ('SKU029', 'Product 29', 'product-29', 'Description 29', 41.25);
INSERT INTO products (sku, name, slug, description, price) VALUES ('SKU030', 'Product 30', 'product-30', 'Description 30', 42.50);

INSERT INTO products (sku, name, slug, description, price) VALUES ('SKU031', 'Product 31', 'product-31', 'Description 31', 43.75);
INSERT INTO products (sku, name, slug, description, price) VALUES ('SKU032', 'Product 32', 'product-32', 'Description 32', 44.99);
INSERT INTO products (sku, name, slug, description, price) VALUES ('SKU033', 'Product 33', 'product-33', 'Description 33', 46.10);
INSERT INTO products (sku, name, slug, description, price) VALUES ('SKU034', 'Product 34', 'product-34', 'Description 34', 47.30);
INSERT INTO products (sku, name, slug, description, price) VALUES ('SKU035', 'Product 35', 'product-35', 'Description 35', 48.90);
INSERT INTO products (sku, name, slug, description, price) VALUES ('SKU036', 'Product 36', 'product-36', 'Description 36', 50.00);
INSERT INTO products (sku, name, slug, description, price) VALUES ('SKU037', 'Product 37', 'product-37', 'Description 37', 51.40);
INSERT INTO products (sku, name, slug, description, price) VALUES ('SKU038', 'Product 38', 'product-38', 'Description 38', 52.80);
INSERT INTO products (sku, name, slug, description, price) VALUES ('SKU039', 'Product 39', 'product-39', 'Description 39', 54.20);
INSERT INTO products (sku, name, slug, description, price) VALUES ('SKU040', 'Product 40', 'product-40', 'Description 40', 55.00);

INSERT INTO products (sku, name, slug, description, price) VALUES ('SKU041', 'Product 41', 'product-41', 'Description 41', 56.00);
INSERT INTO products (sku, name, slug, description, price) VALUES ('SKU042', 'Product 42', 'product-42', 'Description 42', 57.25);
INSERT INTO products (sku, name, slug, description, price) VALUES ('SKU043', 'Product 43', 'product-43', 'Description 43', 58.40);
INSERT INTO products (sku, name, slug, description, price) VALUES ('SKU044', 'Product 44', 'product-44', 'Description 44', 59.60);
INSERT INTO products (sku, name, slug, description, price) VALUES ('SKU045', 'Product 45', 'product-45', 'Description 45', 60.75);
INSERT INTO products (sku, name, slug, description, price) VALUES ('SKU046', 'Product 46', 'product-46', 'Description 46', 62.10);
INSERT INTO products (sku, name, slug, description, price) VALUES ('SKU047', 'Product 47', 'product-47', 'Description 47', 63.50);
INSERT INTO products (sku, name, slug, description, price) VALUES ('SKU048', 'Product 48', 'product-48', 'Description 48', 64.80);
INSERT INTO products (sku, name, slug, description, price) VALUES ('SKU049', 'Product 49', 'product-49', 'Description 49', 66.00);
INSERT INTO products (sku, name, slug, description, price) VALUES ('SKU050', 'Product 50', 'product-50', 'Description 50', 67.50);

INSERT INTO products (sku, name, slug, description, price) VALUES ('SKU051', 'Product 51', 'product-51', 'Description 51', 69.00);
INSERT INTO products (sku, name, slug, description, price) VALUES ('SKU052', 'Product 52', 'product-52', 'Description 52', 70.25);
INSERT INTO products (sku, name, slug, description, price) VALUES ('SKU053', 'Product 53', 'product-53', 'Description 53', 71.40);
INSERT INTO products (sku, name, slug, description, price) VALUES ('SKU054', 'Product 54', 'product-54', 'Description 54', 72.80);
INSERT INTO products (sku, name, slug, description, price) VALUES ('SKU055', 'Product 55', 'product-55', 'Description 55', 74.00);
INSERT INTO products (sku, name, slug, description, price) VALUES ('SKU056', 'Product 56', 'product-56', 'Description 56', 75.25);
INSERT INTO products (sku, name, slug, description, price) VALUES ('SKU057', 'Product 57', 'product-57', 'Description 57', 76.50);
INSERT INTO products (sku, name, slug, description, price) VALUES ('SKU058', 'Product 58', 'product-58', 'Description 58', 77.90);
INSERT INTO products (sku, name, slug, description, price) VALUES ('SKU059', 'Product 59', 'product-59', 'Description 59', 79.30);
INSERT INTO products (sku, name, slug, description, price) VALUES ('SKU060', 'Product 60', 'product-60', 'Description 60', 80.00);

INSERT INTO products (sku, name, slug, description, price) VALUES ('SKU061', 'Product 61', 'product-61', 'Description 61', 81.50);
INSERT INTO products (sku, name, slug, description, price) VALUES ('SKU062', 'Product 62', 'product-62', 'Description 62', 82.75);
INSERT INTO products (sku, name, slug, description, price) VALUES ('SKU063', 'Product 63', 'product-63', 'Description 63', 84.00);
INSERT INTO products (sku, name, slug, description, price) VALUES ('SKU064', 'Product 64', 'product-64', 'Description 64', 85.40);
INSERT INTO products (sku, name, slug, description, price) VALUES ('SKU065', 'Product 65', 'product-65', 'Description 65', 86.90);
INSERT INTO products (sku, name, slug, description, price) VALUES ('SKU066', 'Product 66', 'product-66', 'Description 66', 88.20);
INSERT INTO products (sku, name, slug, description, price) VALUES ('SKU067', 'Product 67', 'product-67', 'Description 67', 89.70);
INSERT INTO products (sku, name, slug, description, price) VALUES ('SKU068', 'Product 68', 'product-68', 'Description 68', 90.99);
INSERT INTO products (sku, name, slug, description, price) VALUES ('SKU069', 'Product 69', 'product-69', 'Description 69', 92.50);
INSERT INTO products (sku, name, slug, description, price) VALUES ('SKU070', 'Product 70', 'product-70', 'Description 70', 93.80);

INSERT INTO products (sku, name, slug, description, price) VALUES ('SKU071', 'Product 71', 'product-71', 'Description 71', 95.10);
INSERT INTO products (sku, name, slug, description, price) VALUES ('SKU072', 'Product 72', 'product-72', 'Description 72', 96.40);
INSERT INTO products (sku, name, slug, description, price) VALUES ('SKU073', 'Product 73', 'product-73', 'Description 73', 97.50);
INSERT INTO products (sku, name, slug, description, price) VALUES ('SKU074', 'Product 74', 'product-74', 'Description 74', 98.75);
INSERT INTO products (sku, name, slug, description, price) VALUES ('SKU075', 'Product 75', 'product-75', 'Description 75', 99.99);
INSERT INTO products (sku, name, slug, description, price) VALUES ('SKU076', 'Product 76', 'product-76', 'Description 76', 101.25);
INSERT INTO products (sku, name, slug, description, price) VALUES ('SKU077', 'Product 77', 'product-77', 'Description 77', 102.40);
INSERT INTO products (sku, name, slug, description, price) VALUES ('SKU078', 'Product 78', 'product-78', 'Description 78', 103.75);
INSERT INTO products (sku, name, slug, description, price) VALUES ('SKU079', 'Product 79', 'product-79', 'Description 79', 104.90);
INSERT INTO products (sku, name, slug, description, price) VALUES ('SKU080', 'Product 80', 'product-80', 'Description 80', 105.99);

INSERT INTO products (sku, name, slug, description, price) VALUES ('SKU081', 'Product 81', 'product-81', 'Description 81', 107.25);
INSERT INTO products (sku, name, slug, description, price) VALUES ('SKU082', 'Product 82', 'product-82', 'Description 82', 108.49);
INSERT INTO products (sku, name, slug, description, price) VALUES ('SKU083', 'Product 83', 'product-83', 'Description 83', 109.90);
INSERT INTO products (sku, name, slug, description, price) VALUES ('SKU084', 'Product 84', 'product-84', 'Description 84', 111.10);
INSERT INTO products (sku, name, slug, description, price) VALUES ('SKU085', 'Product 85', 'product-85', 'Description 85', 112.45);
INSERT INTO products (sku, name, slug, description, price) VALUES ('SKU086', 'Product 86', 'product-86', 'Description 86', 113.70);
INSERT INTO products (sku, name, slug, description, price) VALUES ('SKU087', 'Product 87', 'product-87', 'Description 87', 115.00);
INSERT INTO products (sku, name, slug, description, price) VALUES ('SKU088', 'Product 88', 'product-88', 'Description 88', 116.25);
INSERT INTO products (sku, name, slug, description, price) VALUES ('SKU089', 'Product 89', 'product-89', 'Description 89', 117.40);
INSERT INTO products (sku, name, slug, description, price) VALUES ('SKU090', 'Product 90', 'product-90', 'Description 90', 118.75);

INSERT INTO products (sku, name, slug, description, price) VALUES ('SKU091', 'Product 91', 'product-91', 'Description 91', 119.99);
INSERT INTO products (sku, name, slug, description, price) VALUES ('SKU092', 'Product 92', 'product-92', 'Description 92', 121.40);
INSERT INTO products (sku, name, slug, description, price) VALUES ('SKU093', 'Product 93', 'product-93', 'Description 93', 122.60);
INSERT INTO products (sku, name, slug, description, price) VALUES ('SKU094', 'Product 94', 'product-94', 'Description 94', 123.80);
INSERT INTO products (sku, name, slug, description, price) VALUES ('SKU095', 'Product 95', 'product-95', 'Description 95', 125.10);
INSERT INTO products (sku, name, slug, description, price) VALUES ('SKU096', 'Product 96', 'product-96', 'Description 96', 126.75);
INSERT INTO products (sku, name, slug, description, price) VALUES ('SKU097', 'Product 97', 'product-97', 'Description 97', 128.00);
INSERT INTO products (sku, name, slug, description, price) VALUES ('SKU098', 'Product 98', 'product-98', 'Description 98', 129.50);
INSERT INTO products (sku, name, slug, description, price) VALUES ('SKU099', 'Product 99', 'product-99', 'Description 99', 130.99);
INSERT INTO products (sku, name, slug, description, price) VALUES ('SKU100', 'Product 100', 'product-100', 'Description 100', 132.25);

-- Fin de la insercion de datos en la tabla products
-- --------------------------------------------------
-- Insercion de datos en la example
INSERT INTO example (quantity, price) VALUES (10, 20.30);
INSERT INTO example (quantity, price) VALUES (1, 70.50);
INSERT INTO example (quantity, price) VALUES (3, 10);
INSERT INTO example (quantity, price) VALUES (5, 13.90);

-- Fin de la insercion de datos en la tabla example
-- --------------------------------------------------
-- Insercion de datos en la tabla ventas_diarias_m
INSERT INTO ventas_diarias_m (date, count, total)
SELECT DATE(date_added), COUNT(bill_product_id), SUM(total)
FROM bill_products
GROUP BY 1
ON DUPLICATE KEY UPDATE
count = (SELECT COUNT(*) FROM bill_products WHERE DATE(date_added) = date),
total = (SELECT SUM(total) FROM bill_products WHERE DATE(date_added) = date);